{"cameraMode":{"drawMode":0,"name":"Shaded","section":"Shading Mode"},"sceneLighting":true,"audioPlay":false,"sceneViewState":{"showFog":true,"showMaterialUpdate":false,"showSkybox":true,"showFlares":true,"showImageEffects":true,"showParticleSystems":true},"in2DMode":false,"pivot":{"x":-17.070398330688478,"y":-8.136123657226563,"z":34.166419982910159},"rotation":{"x":0.16575740277767182,"y":0.3851431608200073,"z":-0.07014693319797516,"w":0.9052755832672119},"size":0.8869187831878662,"orthographic":false}