{"cameraMode":{"drawMode":0,"name":"Shaded","section":"Shading Mode"},"sceneLighting":false,"audioPlay":false,"sceneViewState":{"showFog":true,"showMaterialUpdate":false,"showSkybox":false,"showFlares":true,"showImageEffects":true,"showParticleSystems":true},"in2DMode":false,"pivot":{"x":-22.790029525756837,"y":-104.20943450927735,"z":80.05816650390625},"rotation":{"x":0.07922156900167465,"y":-0.30887341499328616,"z":0.02594546042382717,"w":0.9475106000900269},"size":12.050956726074219,"orthographic":false}