{"cameraMode":{"drawMode":0,"name":"Shaded","section":"Shading Mode"},"sceneLighting":true,"audioPlay":false,"sceneViewState":{"showFog":true,"showMaterialUpdate":true,"showSkybox":true,"showFlares":true,"showImageEffects":true,"showParticleSystems":true},"in2DMode":false,"pivot":{"x":11.028009414672852,"y":-64.92698669433594,"z":662.2401123046875},"rotation":{"x":0.058548856526613238,"y":0.027662377804517747,"z":0.0015707728452980519,"w":0.9982514977455139},"size":21.766563415527345,"orthographic":false}