{"cameraMode":{"drawMode":0,"name":"Shaded","section":"Shading Mode"},"sceneLighting":false,"audioPlay":false,"sceneViewState":{"showFog":true,"showMaterialUpdate":true,"showSkybox":false,"showFlares":true,"showImageEffects":true,"showParticleSystems":true},"in2DMode":false,"pivot":{"x":-56.544677734375,"y":-156.2368927001953,"z":435.711181640625},"rotation":{"x":-0.4654437005519867,"y":-0.5146439075469971,"z":0.3995778262615204,"w":-0.5992269515991211},"size":70.82211303710938,"orthographic":false}