{"cameraMode":{"drawMode":0,"name":"Shaded","section":"Shading Mode"},"sceneLighting":false,"audioPlay":false,"sceneViewState":{"showFog":true,"showMaterialUpdate":true,"showSkybox":false,"showFlares":true,"showImageEffects":true,"showParticleSystems":true},"in2DMode":false,"pivot":{"x":1.5371456146240235,"y":-0.5336077809333801,"z":179.2382049560547},"rotation":{"x":0.20409086346626283,"y":0.29274773597717287,"z":-0.060784608125686648,"w":0.9325492978096008},"size":21.766563415527345,"orthographic":false}