{"cameraMode":{"drawMode":0,"name":"Shaded","section":"Shading Mode"},"sceneLighting":true,"audioPlay":false,"sceneViewState":{"showFog":true,"showMaterialUpdate":true,"showSkybox":true,"showFlares":true,"showImageEffects":true,"showParticleSystems":true},"in2DMode":false,"pivot":{"x":3.26686954498291,"y":-23.539316177368165,"z":181.30654907226563},"rotation":{"x":0.06517530232667923,"y":0.6733719706535339,"z":-0.055312588810920718,"w":0.7348178625106812},"size":21.766563415527345,"orthographic":false}