{"cameraMode":{"drawMode":0,"name":"Shaded","section":"Shading Mode"},"sceneLighting":false,"audioPlay":false,"sceneViewState":{"showFog":true,"showMaterialUpdate":true,"showSkybox":false,"showFlares":true,"showImageEffects":true,"showParticleSystems":true},"in2DMode":false,"pivot":{"x":-1.4901161193847657e-8,"y":0.2932335138320923,"z":0.0},"rotation":{"x":-0.012556735426187516,"y":-0.8693759441375732,"z":0.020830973982810975,"w":-0.49409380555152895},"size":1.274139404296875,"orthographic":false}