{"cameraMode":{"drawMode":0,"name":"Shaded","section":"Shading Mode"},"sceneLighting":true,"audioPlay":false,"sceneViewState":{"showFog":true,"showMaterialUpdate":true,"showSkybox":true,"showFlares":true,"showImageEffects":true,"showParticleSystems":true},"in2DMode":false,"pivot":{"x":-0.009095482528209687,"y":-0.3266077935695648,"z":0.25668424367904665},"rotation":{"x":0.34064796566963198,"y":0.10116636008024216,"z":-0.03688851743936539,"w":0.9340378046035767},"size":1.2050449848175049,"orthographic":false}