{"cameraMode":{"drawMode":0,"name":"Shaded","section":"Shading Mode"},"sceneLighting":false,"audioPlay":false,"sceneViewState":{"showFog":true,"showMaterialUpdate":false,"showSkybox":false,"showFlares":true,"showImageEffects":true,"showParticleSystems":true},"in2DMode":false,"pivot":{"x":-39.73115921020508,"y":-71.37706756591797,"z":-8.187016487121582},"rotation":{"x":0.05135595053434372,"y":0.5619886517524719,"z":0.034756921231746677,"w":-0.8249058723449707},"size":13.49724006652832,"orthographic":false}