{"cameraMode":{"drawMode":0,"name":"Shaded","section":"Shading Mode"},"sceneLighting":false,"audioPlay":false,"sceneViewState":{"showFog":true,"showMaterialUpdate":false,"showSkybox":false,"showFlares":true,"showImageEffects":true,"showParticleSystems":true},"in2DMode":false,"pivot":{"x":-36.43791580200195,"y":-83.2964096069336,"z":18.33646583557129},"rotation":{"x":0.1312050223350525,"y":0.31069478392601015,"z":0.04313506558537483,"w":-0.9404969811439514},"size":5.8947930335998539,"orthographic":false}