{"cameraMode":{"drawMode":0,"name":"Shaded","section":"Shading Mode"},"sceneLighting":false,"audioPlay":false,"sceneViewState":{"showFog":true,"showMaterialUpdate":false,"showSkybox":false,"showFlares":true,"showImageEffects":true,"showParticleSystems":true},"in2DMode":false,"pivot":{"x":-26.839588165283204,"y":-111.1292495727539,"z":86.6829605102539},"rotation":{"x":0.1297258734703064,"y":0.6116435527801514,"z":-0.10229096561670304,"w":0.7737737894058228},"size":15.26588249206543,"orthographic":false}