{"cameraMode":{"drawMode":0,"name":"Shaded","section":"Shading Mode"},"sceneLighting":true,"audioPlay":false,"sceneViewState":{"showFog":true,"showMaterialUpdate":true,"showSkybox":true,"showFlares":true,"showImageEffects":true,"showParticleSystems":true},"in2DMode":false,"pivot":{"x":20.89760398864746,"y":39.828975677490237,"z":108.07044982910156},"rotation":{"x":0.004222816321998835,"y":0.8840855956077576,"z":-0.4673783481121063,"w":0.007936276495456696},"size":27.88589096069336,"orthographic":false}