{"cameraMode":{"drawMode":0,"name":"Shaded","section":"Shading Mode"},"sceneLighting":false,"audioPlay":false,"sceneViewState":{"showFog":true,"showMaterialUpdate":true,"showSkybox":false,"showFlares":true,"showImageEffects":true,"showParticleSystems":true},"in2DMode":false,"pivot":{"x":-45.23108673095703,"y":-155.54898071289063,"z":433.59320068359377},"rotation":{"x":-0.4654437005519867,"y":-0.5146439075469971,"z":0.3995778262615204,"w":-0.5992269515991211},"size":46.35774230957031,"orthographic":false}