{"cameraMode":{"drawMode":0,"name":"Shaded","section":"Shading Mode"},"sceneLighting":true,"audioPlay":false,"sceneViewState":{"showFog":true,"showMaterialUpdate":true,"showSkybox":true,"showFlares":true,"showImageEffects":true,"showParticleSystems":true},"in2DMode":false,"pivot":{"x":51.89345932006836,"y":26.931325912475587,"z":441.0252990722656},"rotation":{"x":0.004867189098149538,"y":0.9968560338020325,"z":-0.08085259795188904,"w":0.020457850769162179},"size":30.76657485961914,"orthographic":false}