{"cameraMode":{"drawMode":0,"name":"Shaded","section":"Shading Mode"},"sceneLighting":false,"audioPlay":false,"sceneViewState":{"showFog":true,"showMaterialUpdate":false,"showSkybox":false,"showFlares":true,"showImageEffects":true,"showParticleSystems":true},"in2DMode":false,"pivot":{"x":-19.682193756103517,"y":-85.78106689453125,"z":27.66206169128418},"rotation":{"x":0.18997493386268617,"y":0.6212066411972046,"z":-0.15844234824180604,"w":0.7436647415161133},"size":11.027140617370606,"orthographic":false}