{"cameraMode":{"drawMode":0,"name":"Shaded","section":"Shading Mode"},"sceneLighting":true,"audioPlay":false,"sceneViewState":{"showFog":true,"showMaterialUpdate":true,"showSkybox":true,"showFlares":true,"showImageEffects":true,"showParticleSystems":true},"in2DMode":false,"pivot":{"x":-132.01715087890626,"y":37.58744430541992,"z":61.61274719238281},"rotation":{"x":-0.18919025361537934,"y":-0.5279907584190369,"z":0.12165582925081253,"w":-0.8192373514175415},"size":1.5447558164596558,"orthographic":false}