{"cameraMode":{"drawMode":0,"name":"Shaded","section":"Shading Mode"},"sceneLighting":true,"audioPlay":false,"sceneViewState":{"showFog":true,"showMaterialUpdate":true,"showSkybox":true,"showFlares":true,"showImageEffects":true,"showParticleSystems":true},"in2DMode":false,"pivot":{"x":-39.81767654418945,"y":-19.7383975982666,"z":100.13314819335938},"rotation":{"x":-0.26962149143218996,"y":-0.22223137319087983,"z":0.06410049647092819,"w":-0.9347888827323914},"size":230.7985382080078,"orthographic":false}