{"cameraMode":{"drawMode":0,"name":"Shaded","section":"Shading Mode"},"sceneLighting":false,"audioPlay":false,"sceneViewState":{"showFog":true,"showMaterialUpdate":false,"showSkybox":false,"showFlares":true,"showImageEffects":true,"showParticleSystems":true},"in2DMode":false,"pivot":{"x":-20.6964168548584,"y":-89.22174835205078,"z":37.87846374511719},"rotation":{"x":0.09035540372133255,"y":0.10426840931177139,"z":-0.009313959628343583,"w":0.9904531836509705},"size":13.251531600952149,"orthographic":false}