{"cameraMode":{"drawMode":0,"name":"Shaded","section":"Shading Mode"},"sceneLighting":true,"audioPlay":false,"sceneViewState":{"showFog":true,"showMaterialUpdate":true,"showSkybox":true,"showFlares":true,"showImageEffects":true,"showParticleSystems":true},"in2DMode":false,"pivot":{"x":-2.7983713150024416,"y":-0.35125380754470827,"z":6.388589859008789},"rotation":{"x":-0.20130734145641328,"y":-0.015161236748099327,"z":0.003117186715826392,"w":-0.9794234037399292},"size":12.791136741638184,"orthographic":false}