{"cameraMode":{"drawMode":0,"name":"Shaded","section":"Shading Mode"},"sceneLighting":true,"audioPlay":false,"sceneViewState":{"showFog":true,"showMaterialUpdate":true,"showSkybox":true,"showFlares":true,"showImageEffects":true,"showParticleSystems":true},"in2DMode":false,"pivot":{"x":-60.00958251953125,"y":120.89901733398438,"z":128.1817626953125},"rotation":{"x":0.26172491908073428,"y":0.691286027431488,"z":-0.30004221200942995,"w":0.6030036807060242},"size":1.3327950239181519,"orthographic":false}