{"cameraMode":{"drawMode":0,"name":"Shaded","section":"Shading Mode"},"sceneLighting":true,"audioPlay":false,"sceneViewState":{"showFog":true,"showMaterialUpdate":false,"showSkybox":true,"showFlares":true,"showImageEffects":true,"showParticleSystems":true},"in2DMode":false,"pivot":{"x":13.076668739318848,"y":-8.712970733642579,"z":7.2587666511535648},"rotation":{"x":0.16641931235790254,"y":0.6588072776794434,"z":-0.15278209745883943,"w":0.7176004648208618},"size":28.238008499145509,"orthographic":false}