{"cameraMode":{"drawMode":0,"name":"Shaded","section":"Shading Mode"},"sceneLighting":false,"audioPlay":false,"sceneViewState":{"showFog":true,"showMaterialUpdate":false,"showSkybox":false,"showFlares":true,"showImageEffects":true,"showParticleSystems":true},"in2DMode":false,"pivot":{"x":5.098393440246582,"y":-11.822032928466797,"z":45.39341735839844},"rotation":{"x":0.1416696012020111,"y":-0.09605857729911804,"z":0.013802917674183846,"w":0.9852418899536133},"size":2.5630996227264406,"orthographic":false}